SKY39A04, -77
SKY39A04, -88
MA8EXT001, -89
TALKTALK67980B, -79
TALKTALK67980B, -82
TALKTALK67980B, -83
TALKTALK67980B, -87
TALKTALK67980B, -88
TALKTALK67980B, -89
TALKTALK67980B, -90
TALKTALK67980B, -91
4GEE-WiFi-9994-2.4GHz, -85
DIRECT-BMW 34642, -81
BTBHub6-K9SW, -73
BTBHub6-K9SW, -74
BTBHub6-K9SW, -75
PLUSNET-SFC9SS, -84
PLUSNET-SFC9SS, -85
PLUSNET-SFC9SS, -87
PLUSNET-SFC9SS, -89
PLUSNET-SFC9SS, -90
Audi_WIFI, -76
TALKTALK7CFF99, -63
TALKTALK7CFF99, -64
TALKTALK7CFF99, -65
TALKTALK7CFF99, -67
TALKTALK7CFF99, -68
TALKTALK7CFF99, -73
TALKTALK7CFF99, -74
TALKTALK7CFF99, -75
TALKTALK7CFF99, -76
TALKTALK7CFF99, -77
TALKTALK7CFF99, -79
TALKTALK7CFF99, -80
TALKTALK7CFF99, -82
TALKTALK7CFF99, -83
TALKTALK7CFF99, -84
TALKTALK7CFF99, -85
TALKTALK7CFF99, -86
TALKTALK7CFF99, -87
3MobileWiFi-6747, -77
3MobileWiFi-6747, -88
Audi_MMI_0107_5GHz, -91
YICarCam_ce058f, -75
NHSwifi, -83
NHSwifi, -85
Jason's Galaxy S20 5G, -77
CCCstaff, -73
CCCstaff, -75
CCCstaff, -76
CCCstaff, -77
CCCstaff, -82
CCCstaff, -83
CCCstaff, -84
CCCstaff, -85
CCCstaff, -86
CCCstaff, -87
CCCstaff, -88
CCCstaff, -91
stwlan2, -81
stwlan2, -83
stwlan2, -86
stwlan2, -87
stwlan2, -89
stwlan2, -90
stwlan2, -92
HP-Print-D6-ENVY 5530 series, -87
SKYEVXND, -83
SKYEVXND, -87
RR295920, -88
StudentInternet, -92
VM6240898, -80
_B&Q Customer WiFi, -74
_B&Q Customer WiFi, -75
_B&Q Customer WiFi, -76
_B&Q Customer WiFi, -77
_B&Q Customer WiFi, -78
_B&Q Customer WiFi, -79
_B&Q Customer WiFi, -80
_B&Q Customer WiFi, -81
_B&Q Customer WiFi, -82
_B&Q Customer WiFi, -83
_B&Q Customer WiFi, -84
_B&Q Customer WiFi, -85
_B&Q Customer WiFi, -86
_B&Q Customer WiFi, -87
_B&Q Customer WiFi, -88
_B&Q Customer WiFi, -89
_B&Q Customer WiFi, -90
_B&Q Customer WiFi, -91
BT-NWA3HF, -87
VM431637-5G, -63
VM431637-5G, -68
VM431637-5G, -72
VM431637-5G, -76
VM431637-5G, -77
VM431637-5G, -84
VM431637-5G, -86
VM431637-5G, -87
VM431637-5G, -88
VM431637-5G, -89
VM431637-5G, -91
TALKTALKFCDE99, -62
TALKTALKFCDE99, -63
TALKTALKFCDE99, -64
TALKTALKFCDE99, -66
TALKTALKFCDE99, -69
TALKTALKFCDE99, -71
TALKTALKFCDE99, -72
TALKTALKFCDE99, -81
TALKTALKFCDE99, -84
TALKTALKFCDE99, -85
TALKTALKFCDE99, -87
TALKTALKFCDE99, -90
TALKTALKFCDE99, -91
TALKTALKFCDE99, -92
ISPINEXT, -74
ISPINEXT, -81
ISPINEXT, -85
ISPINEXT, -86
ISPINEXT, -87
ISPINEXT, -88
ISPINEXT, -89
ISPINEXT, -90
ISPINEXT, -92
SKYDENNP, -85
SKYDENNP, -86
SKYDENNP, -90
Hotspot2D47, -75
Sofology - Guest, -85
Sofology - Guest, -88
Sofology - Guest, -91
Hotspot75B2, -87
Vodafone8FBB2F, -81
Vodafone8FBB2F, -82
Vodafone8FBB2F, -89
Audi_MMI_5420, -87
Zyxel_550C, -89
Zyxel_550C, -94
Sofology - Temp, -87
DIRECT-BMW 64360, -71
DIRECT-BMW 64360, -89
VM1180877_EXT, -72
VM1180877_EXT, -87
VM4944860_EXT, -83
BT-ZMAWWW, -72
BT-ZMAWWW, -73
BT-ZMAWWW, -78
BT-ZMAWWW, -79
BT-ZMAWWW, -80
BT-ZMAWWW, -81
BT-ZMAWWW, -83
BT-ZMAWWW, -84
BT-ZMAWWW, -85
BT-ZMAWWW, -86
BT-ZMAWWW, -87
BT-ZMAWWW, -88
VM4257304, -88
HotspotE1AA, -82
BTWi-fi, -59
BTWi-fi, -60
BTWi-fi, -62
BTWi-fi, -63
BTWi-fi, -64
BTWi-fi, -65
BTWi-fi, -66
BTWi-fi, -67
BTWi-fi, -68
BTWi-fi, -69
BTWi-fi, -70
BTWi-fi, -71
BTWi-fi, -72
BTWi-fi, -73
BTWi-fi, -75
BTWi-fi, -76
BTWi-fi, -77
BTWi-fi, -78
BTWi-fi, -79
BTWi-fi, -80
BTWi-fi, -81
BTWi-fi, -82
BTWi-fi, -83
BTWi-fi, -84
BTWi-fi, -85
BTWi-fi, -86
BTWi-fi, -87
BTWi-fi, -88
BTWi-fi, -89
BTWi-fi, -90
BTWi-fi, -91
BTWi-fi, -92
DIRECT-MBUX 24445, -86
Honor 10 Lite, -92
White & Co Property, -65
White & Co Property, -70
White & Co Property, -73
White & Co Property, -76
White & Co Property, -78
White & Co Property, -79
White & Co Property, -80
White & Co Property, -81
White & Co Property, -82
White & Co Property, -85
White & Co Property, -86
White & Co Property, -89
CARLINK-1C4D9B, -88
JAG605767, -90
DIRECT-BMW 67995, -88
UKTT, -84
UKTT, -87
UKTT, -88
UKTT, -89
UKTT, -90
UKTT, -91
UKTT, -93
UKTT, -94
CCCarPment, -84
CCCarPment, -86
CCCarPment, -87
CCCarPment, -91
GroundFloorWiFi-5G, -79
GroundFloorWiFi-5G, -81
GroundFloorWiFi-5G, -84
GroundFloorWiFi-5G, -85
GroundFloorWiFi-5G, -86
GroundFloorWiFi-5G, -88
iPhone00, -86
Interhaze, -54
Interhaze, -58
Interhaze, -59
Interhaze, -60
Interhaze, -61
Interhaze, -62
Interhaze, -63
Interhaze, -64
Interhaze, -65
Interhaze, -67
Interhaze, -68
Interhaze, -69
Interhaze, -71
Interhaze, -72
Interhaze, -75
Interhaze, -81
Interhaze, -82
Interhaze, -84
Interhaze, -86
Interhaze, -87
Interhaze, -88
Interhaze, -89
Interhaze, -90
DIRECT-BMW 27867, -80
DIRECT-BMW 27867, -89
HotspotAE0D, -80
HotspotB3C8, -88
VM0043325, -88
DF5W1R3L355, -81
DF5W1R3L355, -82
DF5W1R3L355, -83
DF5W1R3L355, -85
DF5W1R3L355, -86
DF5W1R3L355, -87
DF5W1R3L355, -88
DF5W1R3L355, -90
DF5W1R3L355, -91
DF5W1R3L355, -92
CCC Mobile, -82
CCC Mobile, -85
CCC Mobile, -86
CCC Mobile, -87
CCC Mobile, -90
CCCGuest, -76
CCCGuest, -78
CCCGuest, -79
CCCGuest, -82
CCCGuest, -85
CCCGuest, -86
CCCGuest, -87
CCCGuest, -88
CCCGuest, -89
CCCGuest, -90
BTHub4-WN9S, -87
Audi_MMI_4205_5GHz, -85
CoventryCC, -78
CoventryCC, -85
CoventryCC, -87
CoventryCC, -89
139 Holyhead Rd, -78
VM7023864, -81
VM7023864, -84
VM7023864, -85
Riya’s iPhone, -75
Riya’s iPhone, -83
Riya’s iPhone, -85
VM4402856, -76
VM4402856, -83
VM4402856, -85
VM4402856, -87
VM4402856, -88
VM4402856, -89
VM4402856, -91
Godiva Staff, -61
Godiva Staff, -65
Godiva Staff, -68
Godiva Staff, -69
Godiva Staff, -70
Godiva Staff, -71
Godiva Staff, -72
Godiva Staff, -73
Godiva Staff, -74
Godiva Staff, -75
Godiva Staff, -77
Godiva Staff, -78
Godiva Staff, -79
Godiva Staff, -80
Godiva Staff, -81
Godiva Staff, -82
Godiva Staff, -83
Godiva Staff, -84
Godiva Staff, -85
Godiva Staff, -86
Godiva Staff, -87
Godiva Staff, -88
Godiva Staff, -89
Godiva Staff, -90
Godiva Staff, -91
Godiva Staff, -92
Godiva Staff, -94
VM9034983, -80
VM9034983, -82
VM9034983, -85
VM9034983, -86
VM9034983, -87
VM9034983, -90
VW_WLAN, -77
Fabb Furniture Coventry, -84
Fabb Furniture Coventry, -88
Fabb Furniture Coventry, -90
Fabb Furniture Coventry, -93
Hotspot398F, -86
TALKTALKFC436C, -91
99357980, -73
99357980, -75
99357980, -76
99357980, -77
99357980, -78
99357980, -79
99357980, -80
99357980, -81
99357980, -82
99357980, -83
99357980, -84
99357980, -85
99357980, -86
99357980, -87
99357980, -88
99357980, -89
99357980, -91
TNCAP07F01A, -59
TNCAP07F01A, -65
TNCAP07F01A, -68
TNCAP07F01A, -69
TNCAP07F01A, -70
TNCAP07F01A, -72
TNCAP07F01A, -73
TNCAP07F01A, -74
TNCAP07F01A, -76
TNCAP07F01A, -77
TNCAP07F01A, -78
TNCAP07F01A, -79
TNCAP07F01A, -81
TNCAP07F01A, -82
TNCAP07F01A, -83
TNCAP07F01A, -84
TNCAP07F01A, -85
TNCAP07F01A, -86
TNCAP07F01A, -87
TNCAP07F01A, -88
TNCAP07F01A, -89
TNCAP07F01A, -90
TNCAP07F01A, -92
TNCAP07F01A, -93
m489o5, -89
2A Northumberland, -63
2A Northumberland, -67
2A Northumberland, -73
2A Northumberland, -81
2A Northumberland, -82
2A Northumberland, -83
2A Northumberland, -84
2A Northumberland, -86
2A Northumberland, -88
2A Northumberland, -90
CAR-WiFi-509d, -80
stwlan3, -79
stwlan3, -81
stwlan3, -86
stwlan3, -88
stwlan3, -89
stwlan3, -90
stwlan3, -91
stwlan3, -94
WiFi_1234HaloView, -54
Hotspot17C0, -82
Hotspot17C0, -92
VM9746603, -73
VM9746603, -76
VM9746603, -79
VM9746603, -80
VM9746603, -84
VM9746603, -85
VM9746603, -86
VM9746603, -87
VM9746603, -91
VM9746603, -93
TALKTALK457049, -62
TALKTALK457049, -68
TALKTALK457049, -70
TALKTALK457049, -71
TALKTALK457049, -72
TALKTALK457049, -74
TALKTALK457049, -76
TALKTALK457049, -77
TALKTALK457049, -78
TALKTALK457049, -79
TALKTALK457049, -82
TALKTALK457049, -83
TALKTALK457049, -84
TALKTALK457049, -85
TALKTALK457049, -86
TALKTALK457049, -88
BT-G9CKCK, -91
SKYLUSJH, -81
BTHub6-XMQM, -67
BTHub6-XMQM, -70
BTHub6-XMQM, -72
BTHub6-XMQM, -75
BTHub6-XMQM, -82
BTHub6-XMQM, -84
BTHub6-XMQM, -85
BTHub6-XMQM, -87
BTHub6-XMQM, -88
BTHub6-XMQM, -89
Sofology - TV, -86
DFS2021, -88
DFS2021, -89
DFS2021, -92
BTB-JKCGFP, -59
BTB-JKCGFP, -69
BTB-JKCGFP, -70
BTB-JKCGFP, -73
BTB-JKCGFP, -76
BTB-JKCGFP, -78
BTB-JKCGFP, -80
BTB-JKCGFP, -81
BTB-JKCGFP, -83
BTB-JKCGFP, -85
BTB-JKCGFP, -87
BTB-JKCGFP, -88
BTB-JKCGFP, -89
WiFi_1234HaloGo, -71
WiFi_1234HaloGo, -82
WiFi_1234HaloGo, -83
WiFi_1234HaloGo, -84
WiFi_1234HaloGo, -87
WiFi_1234HaloGo, -89
WiFi_1234HaloGo, -90
WiFi_1234HaloGo, -91
WiFi_1234HaloGo, -93
TNCAP075AEE, -69
TNCAP075AEE, -71
TNCAP075AEE, -73
TNCAP075AEE, -74
TNCAP075AEE, -75
TNCAP075AEE, -79
TNCAP075AEE, -81
TNCAP075AEE, -83
TNCAP075AEE, -84
TNCAP075AEE, -85
TNCAP075AEE, -86
TNCAP075AEE, -87
TNCAP075AEE, -90
BT-KNCKSS, -63
BT-KNCKSS, -64
BT-KNCKSS, -70
BT-KNCKSS, -76
BT-KNCKSS, -80
BT-KNCKSS, -82
BT-KNCKSS, -83
BT-KNCKSS, -84
BT-KNCKSS, -85
BT-KNCKSS, -92
vodafone0EB07F, -71
vodafone0EB07F, -79
vodafone0EB07F, -80
vodafone0EB07F, -81
vodafone0EB07F, -86
vodafone0EB07F, -89
vodafone0EB07F, -90
Guest Wifi, -86
TALKTALKE8EACB, -84
TALKTALKE8EACB, -89
Back garden speaker.o, false
VM5E7F00, -64
VM5E7F00, -83
VM5E7F00, -84
VM5E7F00, -86
VM431637-2G, -61
VM431637-2G, -63
VM431637-2G, -74
VM431637-2G, -86
DIRECT-NnHL-L8260CDW_BRdd4b, -70
DIRECT-NnHL-L8260CDW_BRdd4b, -77
DIRECT-NnHL-L8260CDW_BRdd4b, -80
DIRECT-NnHL-L8260CDW_BRdd4b, -81
DIRECT-NnHL-L8260CDW_BRdd4b, -83
DIRECT-NnHL-L8260CDW_BRdd4b, -84
7z8d2z7t, -72
7z8d2z7t, -73
7z8d2z7t, -75
7z8d2z7t, -77
7z8d2z7t, -78
7z8d2z7t, -79
7z8d2z7t, -80
7z8d2z7t, -82
7z8d2z7t, -83
7z8d2z7t, -84
7z8d2z7t, -85
7z8d2z7t, -86
7z8d2z7t, -87
7z8d2z7t, -88
7z8d2z7t, -89
7z8d2z7t, -91
7z8d2z7t, -92
Goluk_T2_703024, -70
CCCSecureContractorAccess, -85
CCCSecureContractorAccess, -86
CCCSecureContractorAccess, -90
PLUSNET-GQRW, -62
PLUSNET-GQRW, -69
PLUSNET-GQRW, -71
PLUSNET-GQRW, -73
PLUSNET-GQRW, -84
PLUSNET-GQRW, -87
MCD_Restaurant, -61
MCD_Restaurant, -62
MCD_Restaurant, -67
MCD_Restaurant, -69
MCD_Restaurant, -72
MCD_Restaurant, -75
MCD_Restaurant, -77
MCD_Restaurant, -78
MCD_Restaurant, -79
MCD_Restaurant, -80
MCD_Restaurant, -81
MCD_Restaurant, -82
MCD_Restaurant, -83
MCD_Restaurant, -84
MCD_Restaurant, -85
MCD_Restaurant, -86
TALKTALK0463CD, -84
TALKTALK0463CD, -85
TALKTALK0463CD, -88
My VW 5177, -89
My VW 5177, -91
Circle Group Guest Wi-Fi, -72
Circle Group Guest Wi-Fi, -73
Circle Group Guest Wi-Fi, -80
Circle Group Guest Wi-Fi, -85
Circle Group Guest Wi-Fi, -86
Circle Group Guest Wi-Fi, -87
Circle Group Guest Wi-Fi, -88
GODIVA GUEST, -64
GODIVA GUEST, -65
GODIVA GUEST, -67
GODIVA GUEST, -68
GODIVA GUEST, -69
GODIVA GUEST, -70
GODIVA GUEST, -71
GODIVA GUEST, -72
GODIVA GUEST, -73
GODIVA GUEST, -74
GODIVA GUEST, -75
GODIVA GUEST, -76
GODIVA GUEST, -77
GODIVA GUEST, -78
GODIVA GUEST, -79
GODIVA GUEST, -80
GODIVA GUEST, -81
GODIVA GUEST, -82
GODIVA GUEST, -83
GODIVA GUEST, -84
GODIVA GUEST, -85
GODIVA GUEST, -86
GODIVA GUEST, -87
GODIVA GUEST, -88
GODIVA GUEST, -89
GODIVA GUEST, -90
GODIVA GUEST, -91
GODIVA GUEST, -92
O2 Wifi, -61
O2 Wifi, -63
O2 Wifi, -68
O2 Wifi, -69
O2 Wifi, -74
O2 Wifi, -75
O2 Wifi, -76
O2 Wifi, -77
O2 Wifi, -78
O2 Wifi, -79
O2 Wifi, -80
O2 Wifi, -81
O2 Wifi, -82
O2 Wifi, -83
O2 Wifi, -84
O2 Wifi, -85
O2 Wifi, -86
O2 Wifi, -87
O2 Wifi, -88
BT-SZA2MG, -73
BT-SZA2MG, -75
BT-SZA2MG, -76
BT-SZA2MG, -77
BT-SZA2MG, -80
BT-SZA2MG, -81
BT-SZA2MG, -82
BT-SZA2MG, -83
BT-SZA2MG, -84
BT-SZA2MG, -86
BT-SZA2MG, -87
Virgin Media, -63
Virgin Media, -65
Virgin Media, -71
Virgin Media, -75
Virgin Media, -76
Virgin Media, -78
Virgin Media, -82
Virgin Media, -83
Virgin Media, -84
Virgin Media, -85
Virgin Media, -87
Virgin Media, -89
Virgin Media, -91
Virgin Media, -92
eoHUB-02433, -72
WiFi_1234HaloPro, -55
WiFi_1234HaloPro, -87
CitNOW, -72
CitNOW, -73
CitNOW, -75
CitNOW, -77
CitNOW, -78
CitNOW, -79
CitNOW, -80
CitNOW, -81
CitNOW, -82
CitNOW, -83
BTHub6-9CFS, -88
BTHub6-9CFS, -89
iPhone (Marta), -75
My VW 8654, -88
BT-SXA3G5, -86
DIRECT-DPTIMMSPCmsJB, -73
iPhone, -74
iPhone, -75
iPhone, -84
iPhone, -89
DIRECT-BMW 36205, -61
DIRECT-BMW 36205, -82
VodafoneConnect10677072, -90
VodafoneConnect10677072, -91
VodafoneConnect10677072, -92
SKYWFFA8, -59
SKYWFFA8, -72
SKYWFFA8, -76
SKYWFFA8, -77
SKYWFFA8, -78
SKYWFFA8, -81
SKYWFFA8, -83
SKYWFFA8, -87
SKYWFFA8, -88
SKYF4160, -76
SKYF4160, -78
SKYF4160, -81
SKYF4160, -84
SKYF4160, -86
ASUS-Internet, -78
ASUS-Internet, -79
ASUS-Internet, -80
ASUS-Internet, -86
ASUS-Internet, -91
Circle Group Wi-Fi, -67
Circle Group Wi-Fi, -76
Circle Group Wi-Fi, -80
Circle Group Wi-Fi, -83
Circle Group Wi-Fi, -84
Circle Group Wi-Fi, -85
Circle Group Wi-Fi, -86
Circle Group Wi-Fi, -87
Circle Group Wi-Fi, -88
Circle Group Wi-Fi, -89
Circle Group Wi-Fi, -90
CCCMobileSetup, -77
CCCMobileSetup, -78
CCCMobileSetup, -82
CCCMobileSetup, -83
CCCMobileSetup, -84
CCCMobileSetup, -85
CCCMobileSetup, -86
CCCMobileSetup, -87
CCCMobileSetup, -88
CCCMobileSetup, -89
CCCMobileSetup, -90
BT-MPAHFW, -89
VM2B0FA8_5GEXT, -75
VM2B0FA8_5GEXT, -79
swipad, -85
swipad, -87
c0v3nt4y2005, -79
BT-H3CMG7, -90
Carl's WIFI, -72
Carl's WIFI, -73
Carl's WIFI, -76
Carl's WIFI, -77
Carl's WIFI, -78
Carl's WIFI, -83
Carl's WIFI, -84
Carl's WIFI, -85
Carl's WIFI, -86
Carl's WIFI, -87
Carl's WIFI, -88
Carl's WIFI, -89
Carl's WIFI, -90
BTBHub6-3T98, -87
autobahn, -69
autobahn, -70
autobahn, -72
autobahn, -75
autobahn, -78
autobahn, -79
autobahn, -80
autobahn, -81
autobahn, -82
autobahn, -83
ClickShare-1873142168, -86
ClickShare-1873142168, -87
ClickShare-1873142168, -88
ClickShare-1873142168, -89
ANTK_949307, -84
BT-HRCMJG, -62
BT-HRCMJG, -77
BT-HRCMJG, -79
BT-HRCMJG, -82
BT-HRCMJG, -83
BT-HRCMJG, -84
BT-HRCMJG, -85
BT-HRCMJG, -86
BT-HRCMJG, -87
BT-HRCMJG, -88
BT-HRCMJG, -89
BT-HRCMJG, -90
BT-HRCMJG, -91
Audi_MMI_3205, -90
VM5493216, -86
My VW 8188, -79
My VW 8188, -87
DIRECT-4F-HP OfficeJet Pro 6960, -81
Audi_MMI_7496, -83
Audi_MMI_7496, -91
JAG602743, -74
JAG602743, -83
DIRECT-BMW 51564, -82
DIRECT-BMW 51564, -88
AndroidAPd4a7, -84
VM1180877, -65
VM1180877, -72
VM1180877, -84
VM1180877, -85
VM1180877, -88
VM1180877, -89
VM1180877, -90
_BTWi-fi, -72
_BTWi-fi, -73
_BTWi-fi, -74
_BTWi-fi, -75
_BTWi-fi, -77
_BTWi-fi, -78
_BTWi-fi, -79
_BTWi-fi, -80
_BTWi-fi, -81
_BTWi-fi, -82
_BTWi-fi, -83
_BTWi-fi, -84
_BTWi-fi, -85
_BTWi-fi, -86
_BTWi-fi, -87
_BTWi-fi, -88
_BTWi-fi, -89
_BTWi-fi, -90
_BTWi-fi, -91
VM2B0FA8_2GEXT, -83
Days-Epos-Bar, -78
Days-Epos-Bar, -83
VM-guest4028564, -79
VM-guest4028564, -81
VM-guest4028564, -84
VM-guest4028564, -85
VM-guest4028564, -86
VM-guest4028564, -87
VM-guest4028564, -88
VM-guest4028564, -91
Audi_MMI_3853 5GHz, -89
CovHolyhead WiFi, -70
CovHolyhead WiFi, -72
CovHolyhead WiFi, -82
CovHolyhead WiFi, -85
CovHolyhead WiFi, -88
CovHolyhead WiFi, -91
DIRECT-MBUX 38378, -84
VM564BE0, -74
VM564BE0, -79
VM564BE0, -84
VM564BE0, -87
SPND804CA, -92
SPND804CA, -93
DF5W1R3L355R3D, -79
DF5W1R3L355R3D, -80
DF5W1R3L355R3D, -81
DF5W1R3L355R3D, -82
DF5W1R3L355R3D, -83
DF5W1R3L355R3D, -84
DF5W1R3L355R3D, -85
DF5W1R3L355R3D, -87
DF5W1R3L355R3D, -88
DF5W1R3L355R3D, -90
DF5W1R3L355R3D, -91
DF5W1R3L355R3D, -92
McDonald's Free WiFi, -61
McDonald's Free WiFi, -63
McDonald's Free WiFi, -68
McDonald's Free WiFi, -69
McDonald's Free WiFi, -70
McDonald's Free WiFi, -74
McDonald's Free WiFi, -75
McDonald's Free WiFi, -76
McDonald's Free WiFi, -77
McDonald's Free WiFi, -78
McDonald's Free WiFi, -79
McDonald's Free WiFi, -80
McDonald's Free WiFi, -81
McDonald's Free WiFi, -82
McDonald's Free WiFi, -83
McDonald's Free WiFi, -84
McDonald's Free WiFi, -85
McDonald's Free WiFi, -87
TALKTALK6B5349, -72
TALKTALK6B5349, -75
TALKTALK6B5349, -76
TALKTALK6B5349, -79
TALKTALK6B5349, -80
TALKTALK6B5349, -83
TALKTALK6B5349, -86
BT-36A2H7, -86
BT-36A2H7, -87
BT-36A2H7, -88
BT-36A2H7, -90
BT-36A2H7, -92
Residents, -73
Residents, -74
Residents, -75
Residents, -76
Residents, -77
Residents, -79
Residents, -81
Residents, -83
Residents, -84
Residents, -85
Residents, -87
Residents, -88
Residents, -93
UpperFloorWiFi-2.4G, -68
UpperFloorWiFi-2.4G, -84
UpperFloorWiFi-2.4G, -88
UpperFloorWiFi-2.4G, -90
PLUSNET-PCC2FF, -86
PLUSNET-PCC2FF, -89
PLUSNET-PCC2FF, -91
VM6641249, -59
VM6641249, -60
VM6641249, -64
VM6641249, -65
VM6641249, -66
VM6641249, -68
VM6641249, -70
VM6641249, -71
VM6641249, -78
VM6641249, -79
VM6641249, -80
VM6641249, -81
VM6641249, -82
VM6641249, -84
VM6641249, -86
VM6641249, -88
VM6641249, -89
VM6641249, -90
VM6641249, -91
HP-Print-1F-Deskjet 2540 series, -64
HP-Print-1F-Deskjet 2540 series, -67
TALKTALK6606C4, -70
TALKTALK6606C4, -72
TALKTALK6606C4, -76
TALKTALK6606C4, -77
TALKTALK6606C4, -81
TALKTALK6606C4, -86
TALKTALK6606C4, -87
TALKTALK6606C4, -89
VM4944860, -60
VM4944860, -74
VM4944860, -77
VM4944860, -82
VM4944860, -86
VM4944860, -87
VM4944860, -88
VM4944860, -89
VM4944860, -91
Third Party, -69
Third Party, -72
Third Party, -75
Third Party, -77
Third Party, -78
Third Party, -79
Third Party, -80
Third Party, -81
Third Party, -82
Third Party, -83
VM3441794, -65
VM3441794, -68
VM3441794, -74
VM3441794, -78
VM3441794, -80
VM3441794, -83
VM3441794, -85
VM3441794, -87
VM3441794, -88
VM3441794, -89
Sofology - Sales, -86
DIRECT-MBUX 71778, -58
DIRECT-MBUX 71778, -85
Customer WiFi, -68
Customer WiFi, -72
Customer WiFi, -73
Customer WiFi, -75
Customer WiFi, -77
Customer WiFi, -78
Customer WiFi, -80
Customer WiFi, -81
Customer WiFi, -82
AUDIUTR, -80
BT-PNC23F, -65
BT-PNC23F, -68
BT-PNC23F, -69
BT-PNC23F, -71
BT-PNC23F, -72
BT-PNC23F, -75
BT-PNC23F, -81
BT-PNC23F, -84
BT-PNC23F, -85
BT-PNC23F, -86
BT-PNC23F, -87
BT-PNC23F, -89
stwlan4, -77
stwlan4, -81
stwlan4, -85
stwlan4, -87
stwlan4, -88
stwlan4, -89
stwlan4, -90
Fabb Coventry Private, -83
Fabb Coventry Private, -86
Fabb Coventry Private, -88
SKYCBFFC_EXT, -69
SKYCBFFC_EXT, -77
SKYCBFFC_EXT, -81
SKYCBFFC_EXT, -83
SKYCBFFC_EXT, -86
SKYCBFFC_EXT, -88
SKYCBFFC_EXT, -89
VM4270394, -88
PLUSNET-6T2H, -91
SKYELT7E, -52
SKYELT7E, -53
SKYELT7E, -56
SKYELT7E, -63
SKYELT7E, -64
SKYELT7E, -65
SKYELT7E, -66
SKYELT7E, -68
SKYELT7E, -69
SKYELT7E, -72
SKYELT7E, -73
SKYELT7E, -74
SKYELT7E, -75
SKYELT7E, -76
SKYELT7E, -77
SKYELT7E, -78
SKYELT7E, -79
SKYELT7E, -80
SKYELT7E, -83
SKYELT7E, -85
SKYELT7E, -87
Galaxy A21s9304, -89
My SEAT 5870, -71
My SEAT 5870, -77
My SEAT 5870, -78
My SEAT 5870, -80
My SEAT 5870, -88
My SEAT 5870, -90
VM5A6600, -85
EVOLVESTORE-4825, -91
BTB-TKCGNM, -74
BTB-TKCGNM, -79
BTB-TKCGNM, -82
BTB-TKCGNM, -85
BTB-TKCGNM, -87
BTB-TKCGNM, -91
VM1883361, -62
VM1883361, -67
VM1883361, -72
VM1883361, -73
VM1883361, -74
VM1883361, -81
VM1883361, -84
VM1883361, -90
SKYS5TNF, -83
TALKTALK0333E4, -79
TALKTALK0333E4, -81
TALKTALK0333E4, -84
iPhone (4), -89
BT-QSASGF_EXT, -89
ISPINEXT_5G, -80
ISPINEXT_5G, -82
ISPINEXT_5G, -85
ISPINEXT_5G, -87
ISPINEXT_5G, -88
ISPINEXT_5G, -89
ISPINEXT_5G, -90
Galaxy S20 FE3EC7, -87
SKYC2E5P, -84
MCD_Crew, -61
MCD_Crew, -63
MCD_Crew, -67
MCD_Crew, -69
MCD_Crew, -74
MCD_Crew, -76
MCD_Crew, -77
MCD_Crew, -78
MCD_Crew, -79
MCD_Crew, -80
MCD_Crew, -81
MCD_Crew, -82
MCD_Crew, -83
MCD_Crew, -84
MCD_Crew, -85
MCD_Crew, -86
MCD_Crew, -87
DIRECT-BMW 16622, -82
UHCWCORP, -81
UHCWCORP, -85
BTWifi-X, -64
BTWifi-X, -67
BTWifi-X, -69
BTWifi-X, -70
BTWifi-X, -71
BTWifi-X, -72
BTWifi-X, -73
BTWifi-X, -74
BTWifi-X, -75
BTWifi-X, -76
BTWifi-X, -77
BTWifi-X, -78
BTWifi-X, -79
BTWifi-X, -80
BTWifi-X, -81
BTWifi-X, -82
BTWifi-X, -83
BTWifi-X, -84
BTWifi-X, -85
BTWifi-X, -86
BTWifi-X, -87
BTWifi-X, -88
BTWifi-X, -89
BTWifi-X, -90
BTWifi-X, -91
BTWifi-X, -93
MiVue_792D_2448, -82
BT-GWA3WH, -65
BT-GWA3WH, -70
BT-GWA3WH, -71
BT-GWA3WH, -72
BT-GWA3WH, -77
BT-GWA3WH, -79
BT-GWA3WH, -80
BT-GWA3WH, -81
BT-GWA3WH, -82
BT-GWA3WH, -83
BT-GWA3WH, -86
BT-GWA3WH, -88
BT-GWA3WH, -92
My SEAT 5921, -79
My SEAT 5921, -91
SKYE6F1C, -67
SKYE6F1C, -68
SKYE6F1C, -71
SKYE6F1C, -76
SKYE6F1C, -80
SKYE6F1C, -81
SKYE6F1C, -83
Ramada 1508, -92
MBRSC01, -89
PS4-004EAE7EDC91, -69
PS4-004EAE7EDC91, -74
PS4-004EAE7EDC91, -82
, -51
, -52
, -55
, -57
, -59
, -60
, -61
, -62
, -63
, -64
, -65
, -66
, -67
, -68
, -69
, -70
, -71
, -72
, -73
, -74
, -75
, -76
, -77
, -78
, -79
, -80
, -81
, -82
, -83
, -84
, -85
, -86
, -87
, -88
, -89
, -90
, -91
, -92
Meadow Repeater, -92
NOWPRU6R, -60
NOWPRU6R, -66
NOWPRU6R, -68
NOWPRU6R, -69
NOWPRU6R, -70
NOWPRU6R, -71
NOWPRU6R, -73
NOWPRU6R, -75
NOWPRU6R, -76
NOWPRU6R, -77
NOWPRU6R, -78
NOWPRU6R, -81
NOWPRU6R, -82
NOWPRU6R, -84
NOWPRU6R, -85
NOWPRU6R, -89
NOWPRU6R, -90
NOWPRU6R, -91
NOWPRU6R, -92
NOWPRU6R, -95
Thr33, -70
iPhone - Petcu (3), -68
VM9680613, -87
VM9680613, -90
Oleg Wi-Fi, -70
Oleg Wi-Fi, -73
Oleg Wi-Fi, -74
Oleg Wi-Fi, -79
Oleg Wi-Fi, -81
Oleg Wi-Fi, -84
Oleg Wi-Fi, -85
Oleg Wi-Fi, -87
Oleg Wi-Fi, -88
My VW 0149, -77
My VW 0149, -91
Blackvue900XPlus-E6D399, -82
VM4748368, -75
VM4748368, -85
VM4748368, -88
VM4748368, -91
Audi_MMI_4205, -80
EXT5-VM0907499, -84
SKYZJNIN, -78
SKYZJNIN, -83
SKYZJNIN, -87
SKYZJNIN, -88
SKYZJNIN, -90
97HolyheadRoad, -82
97HolyheadRoad, -85
97HolyheadRoad, -86
Cobalt, -72
Cobalt, -75
Cobalt, -76
Cobalt, -78
Cobalt, -79
Cobalt, -80
Cobalt, -81
Cobalt, -82
Cobalt, -83
Cobalt, -84
Bedroom TV.v, false
MB Hotspot 51125 2.4 GHz, -81
12341234, -88
VM3524911, -68
VM3524911, -71
VM3524911, -72
VM3524911, -73
VM3524911, -74
VM3524911, -76
VM3524911, -79
VM3524911, -86
VM3524911, -89
VM3524911, -90
GroundFloorWiFi-2.4G, -67
GroundFloorWiFi-2.4G, -70
GroundFloorWiFi-2.4G, -75
GroundFloorWiFi-2.4G, -76
GroundFloorWiFi-2.4G, -77
GroundFloorWiFi-2.4G, -80
GroundFloorWiFi-2.4G, -84
d86c4a646, -72
d86c4a646, -77
d86c4a646, -78
d86c4a646, -79
d86c4a646, -81
d86c4a646, -82
d86c4a646, -83
d86c4a646, -84
d86c4a646, -85
d86c4a646, -86
d86c4a646, -87
d86c4a646, -88
d86c4a646, -89
d86c4a646, -90
d86c4a646, -92
router-wifi, -61
router-wifi, -80
router-wifi, -81
router-wifi, -82
router-wifi, -85
router-wifi, -88
router-wifi, -89
router-wifi, -91
DIRECT-MBUX 12627, -90
BT-S7A6Z3, -90
AndroidAPB1C9, -87
AndroidAPB1C9, -89
vodafone06698D, -68
vodafone06698D, -79
vodafone06698D, -83
vodafone06698D, -85
vodafone06698D, -88
vodafone06698D, -89
Redmi Note 10 5G, -86
BTBHub6-65W3, -60
BTBHub6-65W3, -66
BTBHub6-65W3, -68
BTBHub6-65W3, -77
BTBHub6-65W3, -79
BTBHub6-65W3, -81
BTBHub6-65W3, -82
BTBHub6-65W3, -85
BTBHub6-65W3, -90
BT-TPA3FC, -73
BT-TPA3FC, -77
BT-TPA3FC, -83
BT-TPA3FC, -84
BT-TPA3FC, -85
BT-TPA3FC, -86
BT-TPA3FC, -87
BT-TPA3FC, -89
BTBHub6-H2PJ, -82
DIRECT-BMW 90316, -91
nationalexpress - wifi, -61
nationalexpress - wifi, -71
nationalexpress - wifi, -73
nationalexpress - wifi, -77
McD_Tablets, -61
McD_Tablets, -63
McD_Tablets, -68
McD_Tablets, -69
McD_Tablets, -70
McD_Tablets, -74
McD_Tablets, -75
McD_Tablets, -76
McD_Tablets, -77
McD_Tablets, -78
McD_Tablets, -79
McD_Tablets, -80
McD_Tablets, -81
McD_Tablets, -82
McD_Tablets, -83
McD_Tablets, -84
McD_Tablets, -85
McD_Tablets, -86
McD_Tablets, -87
SKYDE4DB, -69
SKYDE4DB, -81
SKYDE4DB, -87
SKYKWU3Q, -89
